{
 "name": "gys619 task gallery",
 "description": "see you latter",
 "task": [
    {"config":"0 0 * * * https://raw.githubusercontent.com/gys619/jdd/main/jd_angryBean.js, tag=真·抢京豆, img-url=https://raw.githubusercontent.com/Orz-3/mini/master/Color/jd.png, enabled=true", "addons":"https://raw.githubusercontent.com/gys619/jdd/main/QuantumultX/gys619_cookies.conf"},
    {"config":"1 8,12,18 * * * https://raw.githubusercontent.com/gys619/jdd/main/jd_bookshop.js, tag=口袋书店, img-url=https://raw.githubusercontent.com/Orz-3/mini/master/Color/jd.png, enabled=true", "addons":"https://raw.githubusercontent.com/gys619/jdd/main/QuantumultX/gys619_cookies.conf"},
    {"config":"59 23 * * * https://raw.githubusercontent.com/gys619/jdd/main/jd_blueCoin.js, tag=东东超市兑换奖品, img-url=https://raw.githubusercontent.com/Orz-3/mini/master/Color/jd.png, enabled=true", "addons":"https://raw.githubusercontent.com/gys619/jdd/main/QuantumultX/gys619_cookies.conf"},
	{"config":"23 1,12,22 * * * https://raw.githubusercontent.com/gys619/jdd/main/jd_bean_home.js, tag=领京豆额外奖励, img-url=https://raw.githubusercontent.com/Orz-3/mini/master/Color/jd.png, enabled=true", "addons":"https://raw.githubusercontent.com/gys619/jdd/main/QuantumultX/gys619_cookies.conf"},
	{"config":"50 * * * * https://raw.githubusercontent.com/gys619/jdd/main/jd_cfd_hb.js, tag=财富岛兑换红包, img-url=https://raw.githubusercontent.com/Orz-3/mini/master/Color/jd.png, enabled=true", "addons":"https://raw.githubusercontent.com/gys619/jdd/main/QuantumultX/gys619_cookies.conf"},
	{"config":"15 3,6 * * * https://raw.githubusercontent.com/gys619/jdd/main/jd_connoisseur.js, tag=内容鉴赏官, img-url=https://raw.githubusercontent.com/Orz-3/mini/master/Color/jd.png, enabled=true", "addons":"https://raw.githubusercontent.com/gys619/jdd/main/QuantumultX/gys619_cookies.conf"},
	{"config":"5 0,23 * * * https://raw.githubusercontent.com/gys619/jdd/main/jd_club_lottery.js, tag=摇京豆, img-url=https://raw.githubusercontent.com/Orz-3/mini/master/Color/jd.png, enabled=true", "addons":"https://raw.githubusercontent.com/gys619/jdd/main/QuantumultX/gys619_cookies.conf"},
	{"config":"59 0-23/2 * * * https://raw.githubusercontent.com/gys619/jdd/main/jd_cfd_pearl.js, tag=京喜财富岛合成珍珠, img-url=https://raw.githubusercontent.com/Orz-3/mini/master/Color/jd.png, enabled=true", "addons":"https://raw.githubusercontent.com/gys619/jdd/main/QuantumultX/gys619_cookies.conf"},
	{"config":"26 8 * * * https://raw.githubusercontent.com/gys619/jdd/main/jd_cfd_mooncake_help.js, tag=京喜财富岛合成珍珠互助, img-url=https://raw.githubusercontent.com/Orz-3/mini/master/Color/jd.png, enabled=true", "addons":"https://raw.githubusercontent.com/gys619/jdd/main/QuantumultX/gys619_cookies.conf"},
	{"config":"5 * * * * https://raw.githubusercontent.com/gys619/jdd/main/jd_cfd_mooncake.js, tag=京喜财富岛合成月饼, img-url=https://raw.githubusercontent.com/Orz-3/mini/master/Color/jd.png, enabled=true", "addons":"https://raw.githubusercontent.com/gys619/jdd/main/QuantumultX/gys619_cookies.conf"},
	{"config":"30 0-23/3 * * * https://raw.githubusercontent.com/gys619/jdd/main/jd_cfd_loop.js, tag=京喜财富岛热气球, img-url=https://raw.githubusercontent.com/Orz-3/mini/master/Color/jd.png, enabled=true", "addons":"https://raw.githubusercontent.com/gys619/jdd/main/QuantumultX/gys619_cookies.conf"},
	{"config":"0 0 * * * https://raw.githubusercontent.com/gys619/jdd/main/jd_cash_exchange.js, tag=领现金兑换红包, img-url=https://raw.githubusercontent.com/Orz-3/mini/master/Color/jd.png, enabled=true", "addons":"https://raw.githubusercontent.com/gys619/jdd/main/QuantumultX/gys619_cookies.conf"},
	{"config":"2 0-23/4 * * * https://raw.githubusercontent.com/gys619/jdd/main/jd_cash.js, tag=签到领现金, img-url=https://raw.githubusercontent.com/Orz-3/mini/master/Color/jd.png, enabled=true", "addons":"https://raw.githubusercontent.com/gys619/jdd/main/QuantumultX/gys619_cookies.conf"},
	{"config":"0,50 0 * * * https://raw.githubusercontent.com/gys619/jdd/main/jd_car_exchange.js, tag=京东汽车兑换, img-url=https://raw.githubusercontent.com/Orz-3/mini/master/Color/jd.png, enabled=true", "addons":"https://raw.githubusercontent.com/gys619/jdd/main/QuantumultX/gys619_cookies.conf"},
	{"config":"10 7 * * * https://raw.githubusercontent.com/gys619/jdd/main/jd_car.js, tag=京东汽车, img-url=https://raw.githubusercontent.com/Orz-3/mini/master/Color/jd.png, enabled=true", "addons":"https://raw.githubusercontent.com/gys619/jdd/main/QuantumultX/gys619_cookies.conf"},
	{"config":"15 0 * * * https://raw.githubusercontent.com/gys619/jdd/main/jd_ccSign.js, tag=领券中心签到, img-url=https://raw.githubusercontent.com/Orz-3/mini/master/Color/jd.png, enabled=true", "addons":"https://raw.githubusercontent.com/gys619/jdd/main/QuantumultX/gys619_cookies.conf"},
	{"config":"1 * * * * https://raw.githubusercontent.com/gys619/jdd/main/jd_cfd.js, tag=京喜财富岛, img-url=https://raw.githubusercontent.com/Orz-3/mini/master/Color/jd.png, enabled=true", "addons":"https://raw.githubusercontent.com/gys619/jdd/main/QuantumultX/gys619_cookies.conf"},
	{"config":"1 0 * * * https://raw.githubusercontent.com/gys619/jdd/main/jd_dreamFactory_tuan.js, tag=京喜工厂开团, img-url=https://raw.githubusercontent.com/Orz-3/mini/master/Color/jd.png, enabled=true", "addons":"https://raw.githubusercontent.com/gys619/jdd/main/QuantumultX/gys619_cookies.conf"},
	{"config":"5 6,18 * * * https://raw.githubusercontent.com/gys619/jdd/main/jd_dreamFactory_help.js, tag=京喜工厂招工互助, img-url=https://raw.githubusercontent.com/Orz-3/mini/master/Color/jd.png, enabled=true", "addons":"https://raw.githubusercontent.com/gys619/jdd/main/QuantumultX/gys619_cookies.conf"},
	{"config":"10 * * * * https://raw.githubusercontent.com/gys619/jdd/main/jd_dreamFactory.js, tag=京喜工厂, img-url=https://raw.githubusercontent.com/Orz-3/mini/master/Color/jd.png, enabled=true", "addons":"https://raw.githubusercontent.com/gys619/jdd/main/QuantumultX/gys619_cookies.conf"},
	{"config":"0 0 */3 * * https://raw.githubusercontent.com/gys619/jdd/main/jd_delCoupon.js, tag=删除优惠券, img-url=https://raw.githubusercontent.com/Orz-3/mini/master/Color/jd.png, enabled=true", "addons":"https://raw.githubusercontent.com/gys619/jdd/main/QuantumultX/gys619_cookies.conf"},
	{"config":"0 0 * * * https://raw.githubusercontent.com/gys619/jdd/main/jd_ddworld_exchange.js, tag=东东世界兑换, img-url=https://raw.githubusercontent.com/Orz-3/mini/master/Color/jd.png, enabled=true", "addons":"https://raw.githubusercontent.com/gys619/jdd/main/QuantumultX/gys619_cookies.conf"},
	{"config":"38 5,17 * * * https://raw.githubusercontent.com/gys619/jdd/main/jd_ddnc_farmpark.js, tag=东东乐园, img-url=https://raw.githubusercontent.com/Orz-3/mini/master/Color/jd.png, enabled=true", "addons":"https://raw.githubusercontent.com/gys619/jdd/main/QuantumultX/gys619_cookies.conf"},
	{"config":"21 2,15,19 * * * https://raw.githubusercontent.com/gys619/jdd/main/jd_daily_lottery.js, tag=小鸽有礼-每日抽奖, img-url=https://raw.githubusercontent.com/Orz-3/mini/master/Color/jd.png, enabled=true", "addons":"https://raw.githubusercontent.com/gys619/jdd/main/QuantumultX/gys619_cookies.conf"},
	{"config":"15 6 * * * https://raw.githubusercontent.com/gys619/jdd/main/jd_DrawEntrance.js, tag=天天优惠大乐透, img-url=https://raw.githubusercontent.com/Orz-3/mini/master/Color/jd.png, enabled=true", "addons":"https://raw.githubusercontent.com/gys619/jdd/main/QuantumultX/gys619_cookies.conf"},
	{"config":"15 0,9 * * * https://raw.githubusercontent.com/gys619/jdd/main/jd_DailyBonus_Mod.js, tag=多合一签到脚本, img-url=https://raw.githubusercontent.com/Orz-3/mini/master/Color/jd.png, enabled=true", "addons":"https://raw.githubusercontent.com/gys619/jdd/main/QuantumultX/gys619_cookies.conf"},
	{"config":"0 0-23/2 * * * https://raw.githubusercontent.com/gys619/jdd/main/jd_EsportsManager.js, tag=东东电竞经理, img-url=https://raw.githubusercontent.com/Orz-3/mini/master/Color/jd.png, enabled=true", "addons":"https://raw.githubusercontent.com/gys619/jdd/main/QuantumultX/gys619_cookies.conf"},
	{"config":"10 5,17 * * * https://raw.githubusercontent.com/gys619/jdd/main/jd_fruit_friend.js, tag=东东农场好友删减奖励, img-url=https://raw.githubusercontent.com/Orz-3/mini/master/Color/jd.png, enabled=true", "addons":"https://raw.githubusercontent.com/gys619/jdd/main/QuantumultX/gys619_cookies.conf"},
	{"config":"18 17 * * * https://raw.githubusercontent.com/gys619/jdd/main/jd_fan.js, tag=粉丝互动, img-url=https://raw.githubusercontent.com/Orz-3/mini/master/Color/jd.png, enabled=true", "addons":"https://raw.githubusercontent.com/gys619/jdd/main/QuantumultX/gys619_cookies.conf"},
	{"config":"5 6-18/6 * * * https://raw.githubusercontent.com/gys619/jdd/main/jd_fruit_task.js, tag=东东农场日常任务, img-url=https://raw.githubusercontent.com/Orz-3/mini/master/Color/jd.png, enabled=true", "addons":"https://raw.githubusercontent.com/gys619/jdd/main/QuantumultX/gys619_cookies.conf"},
	{"config":"26 8 * * * https://raw.githubusercontent.com/gys619/jdd/main/jd_fanli.js, tag=M饭粒任务, img-url=https://raw.githubusercontent.com/Orz-3/mini/master/Color/jd.png, enabled=true", "addons":"https://raw.githubusercontent.com/gys619/jdd/main/QuantumultX/gys619_cookies.conf"},
	{"config":"5 0-23/2 * * * https://raw.githubusercontent.com/gys619/jdd/main/jd_fcwb.js, tag=发财挖宝, img-url=https://raw.githubusercontent.com/Orz-3/mini/master/Color/jd.png, enabled=true", "addons":"https://raw.githubusercontent.com/gys619/jdd/main/QuantumultX/gys619_cookies.conf"},
	{"config":"1 12,23 * * * https://raw.githubusercontent.com/gys619/jdd/main/jd_family.js, tag=京东家庭号, img-url=https://raw.githubusercontent.com/Orz-3/mini/master/Color/jd.png, enabled=true", "addons":"https://raw.githubusercontent.com/gys619/jdd/main/QuantumultX/gys619_cookies.conf"},
	{"config":"26 8 * * * https://raw.githubusercontent.com/gys619/jdd/main/jd_festival.js, tag=点鞭炮赢京豆, img-url=https://raw.githubusercontent.com/Orz-3/mini/master/Color/jd.png, enabled=true", "addons":"https://raw.githubusercontent.com/gys619/jdd/main/QuantumultX/gys619_cookies.conf"},
	{"config":"5 6-18/6 * * * https://raw.githubusercontent.com/gys619/jdd/main/jd_fruit.js, tag=东东农场, img-url=https://raw.githubusercontent.com/Orz-3/mini/master/Color/jd.png, enabled=true", "addons":"https://raw.githubusercontent.com/gys619/jdd/main/QuantumultX/gys619_cookies.conf"},
	{"config":"13 1,22 * * * https://raw.githubusercontent.com/gys619/jdd/main/jd_gold_creator.js, tag=金榜创造营, img-url=https://raw.githubusercontent.com/Orz-3/mini/master/Color/jd.png, enabled=true", "addons":"https://raw.githubusercontent.com/gys619/jdd/main/QuantumultX/gys619_cookies.conf"},
	{"config":"30 6 * * * https://raw.githubusercontent.com/gys619/jdd/main/jd_goodMorning.js, tag=早起福利, img-url=https://raw.githubusercontent.com/Orz-3/mini/master/Color/jd.png, enabled=true", "addons":"https://raw.githubusercontent.com/gys619/jdd/main/QuantumultX/gys619_cookies.conf"},
	{"config":"13 7 * * * https://raw.githubusercontent.com/gys619/jdd/main/jd_gold_sign.js, tag=京东金榜, img-url=https://raw.githubusercontent.com/Orz-3/mini/master/Color/jd.png, enabled=true", "addons":"https://raw.githubusercontent.com/gys619/jdd/main/QuantumultX/gys619_cookies.conf"},
	{"config":"5-45/20 * * * * https://raw.githubusercontent.com/gys619/jdd/main/jd_health_collect.js, tag=东东健康社区收集能量, img-url=https://raw.githubusercontent.com/Orz-3/mini/master/Color/jd.png, enabled=true", "addons":"https://raw.githubusercontent.com/gys619/jdd/main/QuantumultX/gys619_cookies.conf"},
	{"config":"30 16-23/1 * * * https://raw.githubusercontent.com/gys619/jdd/main/jd_half_redrain.js, tag=半点京豆雨, img-url=https://raw.githubusercontent.com/Orz-3/mini/master/Color/jd.png, enabled=true", "addons":"https://raw.githubusercontent.com/gys619/jdd/main/QuantumultX/gys619_cookies.conf"},
	{"config":"10 0 * * * https://raw.githubusercontent.com/gys619/jdd/main/jd_kd.js, tag=京东快递签到, img-url=https://raw.githubusercontent.com/Orz-3/mini/master/Color/jd.png, enabled=true", "addons":"https://raw.githubusercontent.com/gys619/jdd/main/QuantumultX/gys619_cookies.conf"},
	{"config":"0,30 0-23/1 * * * https://raw.githubusercontent.com/gys619/jdd/main/jd_live_redrain.js, tag=超级直播间红包雨, img-url=https://raw.githubusercontent.com/Orz-3/mini/master/Color/jd.png, enabled=true", "addons":"https://raw.githubusercontent.com/gys619/jdd/main/QuantumultX/gys619_cookies.conf"},
	{"config":"50 12-14 * * * https://raw.githubusercontent.com/gys619/jdd/main/jd_live.js, tag=京东直播, img-url=https://raw.githubusercontent.com/Orz-3/mini/master/Color/jd.png, enabled=true", "addons":"https://raw.githubusercontent.com/gys619/jdd/main/QuantumultX/gys619_cookies.conf"},
	{"config":"30 0,6-23 * * * https://raw.githubusercontent.com/gys619/jdd/main/jd_moneyTree_help.js, tag=京东摇钱树助力, img-url=https://raw.githubusercontent.com/Orz-3/mini/master/Color/jd.png, enabled=true", "addons":"https://raw.githubusercontent.com/gys619/jdd/main/QuantumultX/gys619_cookies.conf"},
	{"config":"0 0,1-23/3 * * * https://raw.githubusercontent.com/gys619/jdd/main/jd_mohe.js, tag=5G超级盲盒, img-url=https://raw.githubusercontent.com/Orz-3/mini/master/Color/jd.png, enabled=true", "addons":"https://raw.githubusercontent.com/gys619/jdd/main/QuantumultX/gys619_cookies.conf"},
	{"config":"3 0-23/2 * * * https://raw.githubusercontent.com/gys619/jdd/main/jd_moneyTree.js, tag=京东摇钱树, img-url=https://raw.githubusercontent.com/Orz-3/mini/master/Color/jd.png, enabled=true", "addons":"https://raw.githubusercontent.com/gys619/jdd/main/QuantumultX/gys619_cookies.conf"},
	{"config":"31 8 * * * https://raw.githubusercontent.com/gys619/jdd/main/jd_mofang_ex.js, tag=京东小魔方--收集兑换, img-url=https://raw.githubusercontent.com/Orz-3/mini/master/Color/jd.png, enabled=true", "addons":"https://raw.githubusercontent.com/gys619/jdd/main/QuantumultX/gys619_cookies.conf"},
	{"config":"26 8 * * * https://raw.githubusercontent.com/gys619/jdd/main/jd_mhtask.js, tag=盲盒任务抽京豆, img-url=https://raw.githubusercontent.com/Orz-3/mini/master/Color/jd.png, enabled=true", "addons":"https://raw.githubusercontent.com/gys619/jdd/main/QuantumultX/gys619_cookies.conf"},
	{"config":"4 10 * * * https://raw.githubusercontent.com/gys619/jdd/main/jd_market_lottery.js, tag=幸运大转盘, img-url=https://raw.githubusercontent.com/Orz-3/mini/master/Color/jd.png, enabled=true", "addons":"https://raw.githubusercontent.com/gys619/jdd/main/QuantumultX/gys619_cookies.conf"},
	{"config":"3 0 * * * https://raw.githubusercontent.com/gys619/jdd/main/jd_m_sign.js, tag=京东通天塔--签到, img-url=https://raw.githubusercontent.com/Orz-3/mini/master/Color/jd.png, enabled=true", "addons":"https://raw.githubusercontent.com/gys619/jdd/main/QuantumultX/gys619_cookies.conf"},
	{"config":"30 8 * * * https://raw.githubusercontent.com/gys619/jdd/main/jd_ms.js, tag=秒秒币, img-url=https://raw.githubusercontent.com/Orz-3/mini/master/Color/jd.png, enabled=true", "addons":"https://raw.githubusercontent.com/gys619/jdd/main/QuantumultX/gys619_cookies.conf"},
	{"config":"26 8 * * * https://raw.githubusercontent.com/gys619/jdd/main/jd_nzmh.js, tag=女装盲盒抽京豆, img-url=https://raw.githubusercontent.com/Orz-3/mini/master/Color/jd.png, enabled=true", "addons":"https://raw.githubusercontent.com/gys619/jdd/main/QuantumultX/gys619_cookies.conf"},
	{"config":"40 4,17 * * * https://raw.githubusercontent.com/gys619/jdd/main/jd_plantBean_help.js, tag=种豆得豆内部互助, img-url=https://raw.githubusercontent.com/Orz-3/mini/master/Color/jd.png, enabled=true", "addons":"https://raw.githubusercontent.com/gys619/jdd/main/QuantumultX/gys619_cookies.conf"},
	{"config":"1 7-21/2 * * * https://raw.githubusercontent.com/gys619/jdd/main/jd_plantBean.js, tag=京东种豆得豆, img-url=https://raw.githubusercontent.com/Orz-3/mini/master/Color/jd.png, enabled=true", "addons":"https://raw.githubusercontent.com/gys619/jdd/main/QuantumultX/gys619_cookies.conf"},
	{"config":"15 6-18/6 * * * https://raw.githubusercontent.com/gys619/jdd/main/jd_pet.js, tag=东东萌宠, img-url=https://raw.githubusercontent.com/Orz-3/mini/master/Color/jd.png, enabled=true", "addons":"https://raw.githubusercontent.com/gys619/jdd/main/QuantumultX/gys619_cookies.conf"},
	{"config":"30 21,22 * * * https://raw.githubusercontent.com/gys619/jdd/main/jd_redrain_half.js, tag=半点京豆雨, img-url=https://raw.githubusercontent.com/Orz-3/mini/master/Color/jd.png, enabled=true", "addons":"https://raw.githubusercontent.com/gys619/jdd/main/QuantumultX/gys619_cookies.conf"},
	{"config":"1 8 * * * https://raw.githubusercontent.com/gys619/jdd/main/jd_rankingList.js, tag=京东排行榜, img-url=https://raw.githubusercontent.com/Orz-3/mini/master/Color/jd.png, enabled=true", "addons":"https://raw.githubusercontent.com/gys619/jdd/main/QuantumultX/gys619_cookies.conf"},
	{"config":"0 * * * * https://raw.githubusercontent.com/gys619/jdd/main/jd_redrain.js, tag=整点京豆雨, img-url=https://raw.githubusercontent.com/Orz-3/mini/master/Color/jd.png, enabled=true", "addons":"https://raw.githubusercontent.com/gys619/jdd/main/QuantumultX/gys619_cookies.conf"},
	{"config":"11 * * * * https://raw.githubusercontent.com/gys619/jdd/main/jd_superMarket.js, tag=东东超市, img-url=https://raw.githubusercontent.com/Orz-3/mini/master/Color/jd.png, enabled=true", "addons":"https://raw.githubusercontent.com/gys619/jdd/main/QuantumultX/gys619_cookies.conf"},
	{"config":"20 0,22 * * * https://raw.githubusercontent.com/gys619/jdd/main/jd_speed_redpocke.js, tag=京东极速版红包, img-url=https://raw.githubusercontent.com/Orz-3/mini/master/Color/jd.png, enabled=true", "addons":"https://raw.githubusercontent.com/gys619/jdd/main/QuantumultX/gys619_cookies.conf"},
	{"config":"10 7 * * * https://raw.githubusercontent.com/gys619/jdd/main/jd_sxLottery.js, tag=京东生鲜每日抽奖, img-url=https://raw.githubusercontent.com/Orz-3/mini/master/Color/jd.png, enabled=true", "addons":"https://raw.githubusercontent.com/gys619/jdd/main/QuantumultX/gys619_cookies.conf"},
	{"config":"4 2,3,22 * * * https://raw.githubusercontent.com/gys619/jdd/main/jd_superbox.js, tag=京东超级盒子, img-url=https://raw.githubusercontent.com/Orz-3/mini/master/Color/jd.png, enabled=true", "addons":"https://raw.githubusercontent.com/gys619/jdd/main/QuantumultX/gys619_cookies.conf"},
	{"config":"1 18,20 * * * https://raw.githubusercontent.com/gys619/jdd/main/jd_super_mh.js, tag=超级直播间盲盒抽京豆, img-url=https://raw.githubusercontent.com/Orz-3/mini/master/Color/jd.png, enabled=true", "addons":"https://raw.githubusercontent.com/gys619/jdd/main/QuantumultX/gys619_cookies.conf"},
	{"config":"20 0,8 * * * https://raw.githubusercontent.com/gys619/jdd/main/jd_speed_sign_Part5.js, tag=京东极速版任务5, img-url=https://raw.githubusercontent.com/Orz-3/mini/master/Color/jd.png, enabled=true", "addons":"https://raw.githubusercontent.com/gys619/jdd/main/QuantumultX/gys619_cookies.conf"},
	{"config":"20 0,8 * * * https://raw.githubusercontent.com/gys619/jdd/main/jd_speed_sign_Part4.js, tag=京东极速版任务4, img-url=https://raw.githubusercontent.com/Orz-3/mini/master/Color/jd.png, enabled=true", "addons":"https://raw.githubusercontent.com/gys619/jdd/main/QuantumultX/gys619_cookies.conf"},
	{"config":"20 0,8 * * * https://raw.githubusercontent.com/gys619/jdd/main/jd_speed_sign_Part3.js, tag=京东极速版任务3, img-url=https://raw.githubusercontent.com/Orz-3/mini/master/Color/jd.png, enabled=true", "addons":"https://raw.githubusercontent.com/gys619/jdd/main/QuantumultX/gys619_cookies.conf"},
	{"config":"20 0,8 * * * https://raw.githubusercontent.com/gys619/jdd/main/jd_speed_sign_Part2.js, tag=京东极速版任务2, img-url=https://raw.githubusercontent.com/Orz-3/mini/master/Color/jd.png, enabled=true", "addons":"https://raw.githubusercontent.com/gys619/jdd/main/QuantumultX/gys619_cookies.conf"},
	{"config":"20 0,8 * * * https://raw.githubusercontent.com/gys619/jdd/main/jd_speed_sign_Part1.js, tag=京东极速版任务1, img-url=https://raw.githubusercontent.com/Orz-3/mini/master/Color/jd.png, enabled=true", "addons":"https://raw.githubusercontent.com/gys619/jdd/main/QuantumultX/gys619_cookies.conf"},
	{"config":"0 1,7 * * * https://raw.githubusercontent.com/gys619/jdd/main/jd_speed_sign.js, tag=京东极速版, img-url=https://raw.githubusercontent.com/Orz-3/mini/master/Color/jd.png, enabled=true", "addons":"https://raw.githubusercontent.com/gys619/jdd/main/QuantumultX/gys619_cookies.conf"},
	{"config":"0 1,7 * * * https://raw.githubusercontent.com/gys619/jdd/main/jd_speed.js, tag=天天加速, img-url=https://raw.githubusercontent.com/Orz-3/mini/master/Color/jd.png, enabled=true", "addons":"https://raw.githubusercontent.com/gys619/jdd/main/QuantumultX/gys619_cookies.conf"},
	{"config":"16 22 * * * https://raw.githubusercontent.com/gys619/jdd/main/jd_small_home.js, tag=东东小窝, img-url=https://raw.githubusercontent.com/Orz-3/mini/master/Color/jd.png, enabled=true", "addons":"https://raw.githubusercontent.com/gys619/jdd/main/QuantumultX/gys619_cookies.conf"},
	{"config":"10 10 * * * https://raw.githubusercontent.com/gys619/jdd/main/jd_signFree.js, tag=极速免费签到, img-url=https://raw.githubusercontent.com/Orz-3/mini/master/Color/jd.png, enabled=true", "addons":"https://raw.githubusercontent.com/gys619/jdd/main/QuantumultX/gys619_cookies.conf"},
	{"config":"0 0 * * * https://raw.githubusercontent.com/gys619/jdd/main/jd_shop_sign.js, tag=店铺签到, img-url=https://raw.githubusercontent.com/Orz-3/mini/master/Color/jd.png, enabled=true", "addons":"https://raw.githubusercontent.com/gys619/jdd/main/QuantumultX/gys619_cookies.conf"},
	{"config":"10 0 * * * https://raw.githubusercontent.com/gys619/jdd/main/jd_shop.js, tag=进店领豆, img-url=https://raw.githubusercontent.com/Orz-3/mini/master/Color/jd.png, enabled=true", "addons":"https://raw.githubusercontent.com/gys619/jdd/main/QuantumultX/gys619_cookies.conf"},
	{"config":"26 8 * * * https://raw.githubusercontent.com/gys619/jdd/main/jd_sendBeans.js, tag=送豆得豆, img-url=https://raw.githubusercontent.com/Orz-3/mini/master/Color/jd.png, enabled=true", "addons":"https://raw.githubusercontent.com/gys619/jdd/main/QuantumultX/gys619_cookies.conf"},
	{"config":"10 0,7,23 * * * https://raw.githubusercontent.com/gys619/jdd/main/jd_syj.js, tag=赚京豆, img-url=https://raw.githubusercontent.com/Orz-3/mini/master/Color/jd.png, enabled=true", "addons":"https://raw.githubusercontent.com/gys619/jdd/main/QuantumultX/gys619_cookies.conf"},
	{"config":"10 8 * * * https://raw.githubusercontent.com/gys619/jdd/main/jd_sgmh.js, tag=闪购盲盒, img-url=https://raw.githubusercontent.com/Orz-3/mini/master/Color/jd.png, enabled=true", "addons":"https://raw.githubusercontent.com/gys619/jdd/main/QuantumultX/gys619_cookies.conf"},
	{"config":"26 8 * * * https://raw.githubusercontent.com/gys619/jdd/main/jd_tw.js, tag=特务Z, img-url=https://raw.githubusercontent.com/Orz-3/mini/master/Color/jd.png, enabled=true", "addons":"https://raw.githubusercontent.com/gys619/jdd/main/QuantumultX/gys619_cookies.conf"},
	{"config":"26 8 * * * https://raw.githubusercontent.com/gys619/jdd/main/jd_upgrade.js, tag=升级赚京豆, img-url=https://raw.githubusercontent.com/Orz-3/mini/master/Color/jd.png, enabled=true", "addons":"https://raw.githubusercontent.com/gys619/jdd/main/QuantumultX/gys619_cookies.conf"},
	{"config":"26 22 * * * https://raw.githubusercontent.com/gys619/jdd/main/jd_unsubscriLive.js, tag=取关所有主播, img-url=https://raw.githubusercontent.com/Orz-3/mini/master/Color/jd.png, enabled=true", "addons":"https://raw.githubusercontent.com/gys619/jdd/main/QuantumultX/gys619_cookies.conf"},
	{"config":"26 22 */7 * * https://raw.githubusercontent.com/gys619/jdd/main/jd_unbind.js, tag=注销京东会员卡, img-url=https://raw.githubusercontent.com/Orz-3/mini/master/Color/jd.png, enabled=true", "addons":"https://raw.githubusercontent.com/gys619/jdd/main/QuantumultX/gys619_cookies.conf"},
	{"config":"30 8 * * * https://raw.githubusercontent.com/gys619/jdd/main/jd_wxShopFollowActivity.js, tag=关注店铺抽奖, img-url=https://raw.githubusercontent.com/Orz-3/mini/master/Color/jd.png, enabled=true", "addons":"https://raw.githubusercontent.com/gys619/jdd/main/QuantumultX/gys619_cookies.conf"},
	{"config":"40 0,2 * * * https://raw.githubusercontent.com/gys619/jdd/main/jd_wish.js, tag=众筹许愿池, img-url=https://raw.githubusercontent.com/Orz-3/mini/master/Color/jd.png, enabled=true", "addons":"https://raw.githubusercontent.com/gys619/jdd/main/QuantumultX/gys619_cookies.conf"},
	{"config":"26 22 * * 2 https://raw.githubusercontent.com/gys619/jdd/main/jd_week.js, tag=生活特权～免费领京豆, img-url=https://raw.githubusercontent.com/Orz-3/mini/master/Color/jd.png, enabled=true", "addons":"https://raw.githubusercontent.com/gys619/jdd/main/QuantumultX/gys619_cookies.conf"},
	{"config":"0 0 * * * https://raw.githubusercontent.com/gys619/jdd/main/jd_xmf_exchange.js, tag=5魔方兑换, img-url=https://raw.githubusercontent.com/Orz-3/mini/master/Color/jd.png, enabled=true", "addons":"https://raw.githubusercontent.com/gys619/jdd/main/QuantumultX/gys619_cookies.conf"},
	{"config":"38 5,18 * * * https://raw.githubusercontent.com/gys619/jdd/main/jd_ylyn.js, tag=伊利养牛记, img-url=https://raw.githubusercontent.com/Orz-3/mini/master/Color/jd.png, enabled=true", "addons":"https://raw.githubusercontent.com/gys619/jdd/main/QuantumultX/gys619_cookies.conf"},
	{"config":"26 10 * * * https://raw.githubusercontent.com/gys619/jdd/main/jd_zjb_help.js, tag=赚金币邀请, img-url=https://raw.githubusercontent.com/Orz-3/mini/master/Color/jd.png, enabled=true", "addons":"https://raw.githubusercontent.com/gys619/jdd/main/QuantumultX/gys619_cookies.conf"},
	{"config":"26 11 * * * https://raw.githubusercontent.com/gys619/jdd/main/jd_zdjr.js, tag=赚京豆组队, img-url=https://raw.githubusercontent.com/Orz-3/mini/master/Color/jd.png, enabled=true", "addons":"https://raw.githubusercontent.com/gys619/jdd/main/QuantumultX/gys619_cookies.conf"},
	{"config":"50 4,17 * * * https://raw.githubusercontent.com/gys619/jdd/main/jd_jdfactory_help.js, tag=东东工厂内部互助, img-url=https://raw.githubusercontent.com/Orz-3/mini/master/Color/jd.png, enabled=true", "addons":"https://raw.githubusercontent.com/gys619/jdd/main/QuantumultX/gys619_cookies.conf"},
	{"config":"23 8,9 * * * https://raw.githubusercontent.com/gys619/jdd/main/jd_productZ4Brand.js, tag=特务Z, img-url=https://raw.githubusercontent.com/Orz-3/mini/master/Color/jd.png, enabled=true", "addons":"https://raw.githubusercontent.com/gys619/jdd/main/QuantumultX/gys619_cookies.conf"},
	{"config":"58 59 6,9,14,17,20 * * * https://raw.githubusercontent.com/gys619/jdd/main/jd_5_2.js, tag=京东抢全品券5-2, img-url=https://raw.githubusercontent.com/Orz-3/mini/master/Color/jd.png, enabled=true", "addons":"https://raw.githubusercontent.com/gys619/jdd/main/QuantumultX/gys619_cookies.conf"},
	{"config":"58 59 6,9,14,17,20 * * * https://raw.githubusercontent.com/gys619/jdd/main/jd_10_4.js, tag=京东抢全品券10-4, img-url=https://raw.githubusercontent.com/Orz-3/mini/master/Color/jd.png, enabled=true", "addons":"https://raw.githubusercontent.com/gys619/jdd/main/QuantumultX/gys619_cookies.conf"},
	{"config":"30 6-20/3 * * * https://raw.githubusercontent.com/gys619/jdd/main/jd_xinruimz.js, tag= 颜究种植园, img-url=https://raw.githubusercontent.com/Orz-3/mini/master/Color/jd.png, enabled=true", "addons":"https://raw.githubusercontent.com/gys619/jdd/main/QuantumultX/gys619_cookies.conf"},
	{"config":"30 18 * * * https://raw.githubusercontent.com/gys619/jdd/main/jd_wq_wxsign.js, tag= 微信签到领红包, img-url=https://raw.githubusercontent.com/Orz-3/mini/master/Color/jd.png, enabled=true", "addons":"https://raw.githubusercontent.com/gys619/jdd/main/QuantumultX/gys619_cookies.conf"},
	  {"config":"0 10 * * * https://raw.githubusercontent.com/gys619/jdd/main/jd_farm_automation.js, tag= 农场自动兑红包种水果, img-url=https://raw.githubusercontent.com/Orz-3/mini/master/Color/jd.png, enabled=true", "addons":"https://raw.githubusercontent.com/gys619/jdd/main/QuantumultX/gys619_cookies.conf"},
	  {"config":"3 1 * * * https://raw.githubusercontent.com/gys619/jdd/main/jd_tyt.js, tag= 推一推, img-url=https://raw.githubusercontent.com/Orz-3/mini/master/Color/jd.png, enabled=true", "addons":"https://raw.githubusercontent.com/gys619/jdd/main/QuantumultX/gys619_cookies.conf"},
	  {"config":"3 1 * * * https://raw.githubusercontent.com/gys619/jdd/main/jd_js_sign.js, tag=京东极速版提现, img-url=https://raw.githubusercontent.com/Orz-3/mini/master/Color/jd.png, enabled=true", "addons":"https://raw.githubusercontent.com/gys619/jdd/main/QuantumultX/gys619_cookies.conf"},
	  {"config":"10 10 * * * https://raw.githubusercontent.com/gys619/jdd/main/jd_plusReward.js, tag=逛plus,抽京豆, img-url=https://raw.githubusercontent.com/Orz-3/mini/master/Color/jd.png, enabled=true", "addons":"https://raw.githubusercontent.com/gys619/jdd/main/QuantumultX/gys619_cookies.conf"}
  ]
}
